<?xml version="1.0" encoding="UTF-8"?>
<project-private xmlns="http://www.netbeans.org/ns/project-private/1">
    <editor-bookmarks xmlns="http://www.netbeans.org/ns/editor-bookmarks/2" lastBookmarkId="0"/>
    <open-files xmlns="http://www.netbeans.org/ns/projectui-open-files/2">
        <group>
            <file>file:/C:/Users/leeph/OneDrive%20-%20Ark/Máy%20tính/Java_Block5/J1.S.P0071/src/view/View_Task.java</file>
            <file>file:/C:/Users/leeph/OneDrive%20-%20Ark/Máy%20tính/Java_Block5/J1.S.P0071/src/view/Main.java</file>
            <file>file:/C:/Users/leeph/OneDrive%20-%20Ark/Máy%20tính/Java_Block5/J1.S.P0071/src/model/Task.java</file>
            <file>file:/C:/Users/leeph/OneDrive%20-%20Ark/Máy%20tính/Java_Block5/J1.S.P0071/src/view/Ultility.java</file>
            <file>file:/C:/Users/leeph/OneDrive%20-%20Ark/Máy%20tính/Java_Block5/J1.S.P0071/src/controller/ManageTask.java</file>
        </group>
    </open-files>
</project-private>
